algorithm,workers,dataset,n,wall_time_ns,speedup,efficiency,status
parallel_merge_sort,4,"Int: Duplicates (n=1,000,000)",1000000,738296188,1.0,0.25,ok
parallel_merge_sort,8,"Int: Duplicates (n=1,000,000)",1000000,617843492,1.195,0.149,ok
parallel_merge_sort,16,"Int: Duplicates (n=1,000,000)",1000000,657195633,1.123,0.07,ok
parallel_merge_sort,4,"Int: Duplicates (n=100,000)",100000,109383404,1.0,0.25,ok
parallel_merge_sort,8,"Int: Duplicates (n=100,000)",100000,120831672,0.905,0.113,ok
parallel_merge_sort,16,"Int: Duplicates (n=100,000)",100000,146894349,0.745,0.047,ok
parallel_merge_sort,4,"Int: Duplicates (n=10,000)",10000,57449943,1.0,0.25,ok
parallel_merge_sort,8,"Int: Duplicates (n=10,000)",10000,62979187,0.912,0.114,ok
parallel_merge_sort,16,"Int: Duplicates (n=10,000)",10000,83709266,0.686,0.043,ok
parallel_merge_sort,4,"Int: Duplicates (n=1,000)",1000,1032704,1.0,0.25,ok
parallel_merge_sort,8,"Int: Duplicates (n=1,000)",1000,1029898,1.003,0.125,ok
parallel_merge_sort,16,"Int: Duplicates (n=1,000)",1000,1037182,0.996,0.062,ok
parallel_merge_sort,4,Int: Duplicates (n=20),20,23013,1.0,0.25,ok
parallel_merge_sort,8,Int: Duplicates (n=20),20,26610,0.865,0.108,ok
parallel_merge_sort,16,Int: Duplicates (n=20),20,23173,0.993,0.062,ok
parallel_merge_sort,4,"Int: Nearly Sorted (n=1,000,000)",1000000,783112775,1.0,0.25,ok
parallel_merge_sort,8,"Int: Nearly Sorted (n=1,000,000)",1000000,685931470,1.142,0.143,ok
parallel_merge_sort,16,"Int: Nearly Sorted (n=1,000,000)",1000000,644891044,1.214,0.076,ok
parallel_merge_sort,4,"Int: Nearly Sorted (n=100,000)",100000,113111204,1.0,0.25,ok
parallel_merge_sort,8,"Int: Nearly Sorted (n=100,000)",100000,114317132,0.989,0.124,ok
parallel_merge_sort,16,"Int: Nearly Sorted (n=100,000)",100000,152626901,0.741,0.046,ok
parallel_merge_sort,4,"Int: Nearly Sorted (n=10,000)",10000,53026909,1.0,0.25,ok
parallel_merge_sort,8,"Int: Nearly Sorted (n=10,000)",10000,59707309,0.888,0.111,ok
parallel_merge_sort,16,"Int: Nearly Sorted (n=10,000)",10000,86159434,0.615,0.038,ok
parallel_merge_sort,4,"Int: Nearly Sorted (n=1,000)",1000,871893,1.0,0.25,ok
parallel_merge_sort,8,"Int: Nearly Sorted (n=1,000)",1000,1442261,0.605,0.076,ok
parallel_merge_sort,16,"Int: Nearly Sorted (n=1,000)",1000,876782,0.994,0.062,ok
parallel_merge_sort,4,Int: Nearly Sorted (n=20),20,21570,1.0,0.25,ok
parallel_merge_sort,8,Int: Nearly Sorted (n=20),20,22623,0.953,0.119,ok
parallel_merge_sort,16,Int: Nearly Sorted (n=20),20,21510,1.003,0.063,ok
parallel_merge_sort,4,"Int: Random (n=1,000,000)",1000000,973274896,1.0,0.25,ok
parallel_merge_sort,8,"Int: Random (n=1,000,000)",1000000,736100468,1.322,0.165,ok
parallel_merge_sort,16,"Int: Random (n=1,000,000)",1000000,692836290,1.405,0.088,ok
parallel_merge_sort,4,"Int: Random (n=100,000)",100000,131768410,1.0,0.25,ok
parallel_merge_sort,8,"Int: Random (n=100,000)",100000,126901056,1.038,0.13,ok
parallel_merge_sort,16,"Int: Random (n=100,000)",100000,137566788,0.958,0.06,ok
parallel_merge_sort,4,"Int: Random (n=10,000)",10000,54549720,1.0,0.25,ok
parallel_merge_sort,8,"Int: Random (n=10,000)",10000,55125348,0.99,0.124,ok
parallel_merge_sort,16,"Int: Random (n=10,000)",10000,82049866,0.665,0.042,ok
parallel_merge_sort,4,"Int: Random (n=1,000)",1000,1074222,1.0,0.25,ok
parallel_merge_sort,8,"Int: Random (n=1,000)",1000,1089079,0.986,0.123,ok
parallel_merge_sort,16,"Int: Random (n=1,000)",1000,1196791,0.898,0.056,ok
parallel_merge_sort,4,Int: Random (n=20),20,31880,1.0,0.25,ok
parallel_merge_sort,8,Int: Random (n=20),20,22923,1.391,0.174,ok
parallel_merge_sort,16,Int: Random (n=20),20,23023,1.385,0.087,ok
parallel_merge_sort,4,"Int: Reverse (n=1,000,000)",1000000,640363495,1.0,0.25,ok
parallel_merge_sort,8,"Int: Reverse (n=1,000,000)",1000000,551356229,1.161,0.145,ok
parallel_merge_sort,16,"Int: Reverse (n=1,000,000)",1000000,564269900,1.135,0.071,ok
parallel_merge_sort,4,"Int: Reverse (n=100,000)",100000,102952158,1.0,0.25,ok
parallel_merge_sort,8,"Int: Reverse (n=100,000)",100000,101968044,1.01,0.126,ok
parallel_merge_sort,16,"Int: Reverse (n=100,000)",100000,136178948,0.756,0.047,ok
parallel_merge_sort,4,"Int: Reverse (n=10,000)",10000,54183494,1.0,0.25,ok
parallel_merge_sort,8,"Int: Reverse (n=10,000)",10000,60698464,0.893,0.112,ok
parallel_merge_sort,16,"Int: Reverse (n=10,000)",10000,82182194,0.659,0.041,ok
parallel_merge_sort,4,"Int: Reverse (n=1,000)",1000,802422,1.0,0.25,ok
parallel_merge_sort,8,"Int: Reverse (n=1,000)",1000,755084,1.063,0.133,ok
parallel_merge_sort,16,"Int: Reverse (n=1,000)",1000,758891,1.057,0.066,ok
parallel_merge_sort,4,Int: Reverse (n=20),20,27431,1.0,0.25,ok
parallel_merge_sort,8,Int: Reverse (n=20),20,20358,1.347,0.168,ok
parallel_merge_sort,16,Int: Reverse (n=20),20,28203,0.973,0.061,ok
parallel_merge_sort,4,"Int: Sorted (n=1,000,000)",1000000,633941404,1.0,0.25,ok
parallel_merge_sort,8,"Int: Sorted (n=1,000,000)",1000000,525093966,1.207,0.151,ok
parallel_merge_sort,16,"Int: Sorted (n=1,000,000)",1000000,539339140,1.175,0.073,ok
parallel_merge_sort,4,"Int: Sorted (n=100,000)",100000,117724871,1.0,0.25,ok
parallel_merge_sort,8,"Int: Sorted (n=100,000)",100000,103241829,1.14,0.142,ok
parallel_merge_sort,16,"Int: Sorted (n=100,000)",100000,141703271,0.831,0.052,ok
parallel_merge_sort,4,"Int: Sorted (n=10,000)",10000,53498731,1.0,0.25,ok
parallel_merge_sort,8,"Int: Sorted (n=10,000)",10000,59109087,0.905,0.113,ok
parallel_merge_sort,16,"Int: Sorted (n=10,000)",10000,92198720,0.58,0.036,ok
parallel_merge_sort,4,"Int: Sorted (n=1,000)",1000,753551,1.0,0.25,ok
parallel_merge_sort,8,"Int: Sorted (n=1,000)",1000,749133,1.006,0.126,ok
parallel_merge_sort,16,"Int: Sorted (n=1,000)",1000,993330,0.759,0.047,ok
parallel_merge_sort,4,Int: Sorted (n=20),20,20147,1.0,0.25,ok
parallel_merge_sort,8,Int: Sorted (n=20),20,20999,0.959,0.12,ok
parallel_merge_sort,16,Int: Sorted (n=20),20,20218,0.996,0.062,ok
parallel_merge_sort,4,"Str: Mixed Case (n=1,000,000)",1000000,1254440000,1.0,0.25,ok
parallel_merge_sort,8,"Str: Mixed Case (n=1,000,000)",1000000,943602499,1.329,0.166,ok
parallel_merge_sort,16,"Str: Mixed Case (n=1,000,000)",1000000,890998040,1.408,0.088,ok
parallel_merge_sort,4,"Str: Mixed Case (n=100,000)",100000,134335062,1.0,0.25,ok
parallel_merge_sort,8,"Str: Mixed Case (n=100,000)",100000,122125840,1.1,0.138,ok
parallel_merge_sort,16,"Str: Mixed Case (n=100,000)",100000,177367885,0.757,0.047,ok
parallel_merge_sort,4,"Str: Mixed Case (n=10,000)",10000,56874913,1.0,0.25,ok
parallel_merge_sort,8,"Str: Mixed Case (n=10,000)",10000,63970119,0.889,0.111,ok
parallel_merge_sort,16,"Str: Mixed Case (n=10,000)",10000,88214098,0.645,0.04,ok
parallel_merge_sort,4,"Str: Mixed Case (n=1,000)",1000,1126690,1.0,0.25,ok
parallel_merge_sort,8,"Str: Mixed Case (n=1,000)",1000,1139834,0.988,0.123,ok
parallel_merge_sort,16,"Str: Mixed Case (n=1,000)",1000,1223652,0.921,0.058,ok
parallel_merge_sort,4,Str: Mixed Case (n=20),20,23604,1.0,0.25,ok
parallel_merge_sort,8,Str: Mixed Case (n=20),20,24716,0.955,0.119,ok
parallel_merge_sort,16,Str: Mixed Case (n=20),20,23814,0.991,0.062,ok
parallel_merge_sort,4,"Str: Nearly Sorted (n=1,000,000)",1000000,1001370474,1.0,0.25,ok
parallel_merge_sort,8,"Str: Nearly Sorted (n=1,000,000)",1000000,828092287,1.209,0.151,ok
parallel_merge_sort,16,"Str: Nearly Sorted (n=1,000,000)",1000000,788065953,1.271,0.079,ok
parallel_merge_sort,4,"Str: Nearly Sorted (n=100,000)",100000,129020730,1.0,0.25,ok
parallel_merge_sort,8,"Str: Nearly Sorted (n=100,000)",100000,122775113,1.051,0.131,ok
parallel_merge_sort,16,"Str: Nearly Sorted (n=100,000)",100000,147207666,0.876,0.055,ok
parallel_merge_sort,4,"Str: Nearly Sorted (n=10,000)",10000,54122788,1.0,0.25,ok
parallel_merge_sort,8,"Str: Nearly Sorted (n=10,000)",10000,56870694,0.952,0.119,ok
parallel_merge_sort,16,"Str: Nearly Sorted (n=10,000)",10000,80391868,0.673,0.042,ok
parallel_merge_sort,4,"Str: Nearly Sorted (n=1,000)",1000,923159,1.0,0.25,ok
parallel_merge_sort,8,"Str: Nearly Sorted (n=1,000)",1000,923369,1.0,0.125,ok
parallel_merge_sort,16,"Str: Nearly Sorted (n=1,000)",1000,912369,1.012,0.063,ok
parallel_merge_sort,4,Str: Nearly Sorted (n=20),20,23253,1.0,0.25,ok
parallel_merge_sort,8,Str: Nearly Sorted (n=20),20,23093,1.007,0.126,ok
parallel_merge_sort,16,Str: Nearly Sorted (n=20),20,22843,1.018,0.064,ok
parallel_merge_sort,4,"Str: Random (n=1,000,000)",1000000,1248649246,1.0,0.25,ok
parallel_merge_sort,8,"Str: Random (n=1,000,000)",1000000,958865105,1.302,0.163,ok
parallel_merge_sort,16,"Str: Random (n=1,000,000)",1000000,903070483,1.383,0.086,ok
parallel_merge_sort,4,"Str: Random (n=100,000)",100000,142112212,1.0,0.25,ok
parallel_merge_sort,8,"Str: Random (n=100,000)",100000,140041665,1.015,0.127,ok
parallel_merge_sort,16,"Str: Random (n=100,000)",100000,153822781,0.924,0.058,ok
parallel_merge_sort,4,"Str: Random (n=10,000)",10000,51707635,1.0,0.25,ok
parallel_merge_sort,8,"Str: Random (n=10,000)",10000,58944626,0.877,0.11,ok
parallel_merge_sort,16,"Str: Random (n=10,000)",10000,83061246,0.623,0.039,ok
parallel_merge_sort,4,"Str: Random (n=1,000)",1000,1125107,1.0,0.25,ok
parallel_merge_sort,8,"Str: Random (n=1,000)",1000,1167927,0.963,0.12,ok
parallel_merge_sort,16,"Str: Random (n=1,000)",1000,1130106,0.996,0.062,ok
parallel_merge_sort,4,Str: Random (n=20),20,22482,1.0,0.25,ok
parallel_merge_sort,8,Str: Random (n=20),20,22682,0.991,0.124,ok
parallel_merge_sort,16,Str: Random (n=20),20,22653,0.992,0.062,ok
parallel_merge_sort,4,"Str: Reverse (n=1,000,000)",1000000,916035045,1.0,0.25,ok
parallel_merge_sort,8,"Str: Reverse (n=1,000,000)",1000000,713043723,1.285,0.161,ok
parallel_merge_sort,16,"Str: Reverse (n=1,000,000)",1000000,670965529,1.365,0.085,ok
parallel_merge_sort,4,"Str: Reverse (n=100,000)",100000,121745493,1.0,0.25,ok
parallel_merge_sort,8,"Str: Reverse (n=100,000)",100000,117078413,1.04,0.13,ok
parallel_merge_sort,16,"Str: Reverse (n=100,000)",100000,145917607,0.834,0.052,ok
parallel_merge_sort,4,"Str: Reverse (n=10,000)",10000,53982214,1.0,0.25,ok
parallel_merge_sort,8,"Str: Reverse (n=10,000)",10000,59231273,0.911,0.114,ok
parallel_merge_sort,16,"Str: Reverse (n=10,000)",10000,88235664,0.612,0.038,ok
parallel_merge_sort,4,"Str: Reverse (n=1,000)",1000,810908,1.0,0.25,ok
parallel_merge_sort,8,"Str: Reverse (n=1,000)",1000,813814,0.996,0.124,ok
parallel_merge_sort,16,"Str: Reverse (n=1,000)",1000,829813,0.977,0.061,ok
parallel_merge_sort,4,Str: Reverse (n=20),20,22362,1.0,0.25,ok
parallel_merge_sort,8,Str: Reverse (n=20),20,48180,0.464,0.058,ok
parallel_merge_sort,16,Str: Reverse (n=20),20,20228,1.105,0.069,ok
parallel_merge_sort,4,"Str: Sorted (n=1,000,000)",1000000,845097703,1.0,0.25,ok
parallel_merge_sort,8,"Str: Sorted (n=1,000,000)",1000000,668528300,1.264,0.158,ok
parallel_merge_sort,16,"Str: Sorted (n=1,000,000)",1000000,672843760,1.256,0.079,ok
parallel_merge_sort,4,"Str: Sorted (n=100,000)",100000,115465341,1.0,0.25,ok
parallel_merge_sort,8,"Str: Sorted (n=100,000)",100000,116871004,0.988,0.123,ok
parallel_merge_sort,16,"Str: Sorted (n=100,000)",100000,143107934,0.807,0.05,ok
parallel_merge_sort,4,"Str: Sorted (n=10,000)",10000,56659637,1.0,0.25,ok
parallel_merge_sort,8,"Str: Sorted (n=10,000)",10000,63965948,0.886,0.111,ok
parallel_merge_sort,16,"Str: Sorted (n=10,000)",10000,86748548,0.653,0.041,ok
parallel_merge_sort,4,"Str: Sorted (n=1,000)",1000,830254,1.0,0.25,ok
parallel_merge_sort,8,"Str: Sorted (n=1,000)",1000,811099,1.024,0.128,ok
parallel_merge_sort,16,"Str: Sorted (n=1,000)",1000,809395,1.026,0.064,ok
parallel_merge_sort,4,Str: Sorted (n=20),20,20378,1.0,0.25,ok
parallel_merge_sort,8,Str: Sorted (n=20),20,26871,0.758,0.095,ok
parallel_merge_sort,16,Str: Sorted (n=20),20,20138,1.012,0.063,ok
parallel_merge_sort,4,"Tuple: Dup Scores (n=1,000,000)",1000000,1927729513,1.0,0.25,ok
parallel_merge_sort,8,"Tuple: Dup Scores (n=1,000,000)",1000000,1431739843,1.346,0.168,ok
parallel_merge_sort,16,"Tuple: Dup Scores (n=1,000,000)",1000000,1335149971,1.444,0.09,ok
parallel_merge_sort,4,"Tuple: Dup Scores (n=100,000)",100000,178247941,1.0,0.25,ok
parallel_merge_sort,8,"Tuple: Dup Scores (n=100,000)",100000,166155707,1.073,0.134,ok
parallel_merge_sort,16,"Tuple: Dup Scores (n=100,000)",100000,201404440,0.885,0.055,ok
parallel_merge_sort,4,"Tuple: Dup Scores (n=10,000)",10000,58423058,1.0,0.25,ok
parallel_merge_sort,8,"Tuple: Dup Scores (n=10,000)",10000,69129215,0.845,0.106,ok
parallel_merge_sort,16,"Tuple: Dup Scores (n=10,000)",10000,91022771,0.642,0.04,ok
parallel_merge_sort,4,"Tuple: Dup Scores (n=1,000)",1000,1278955,1.0,0.25,ok
parallel_merge_sort,8,"Tuple: Dup Scores (n=1,000)",1000,1244210,1.028,0.129,ok
parallel_merge_sort,16,"Tuple: Dup Scores (n=1,000)",1000,1244911,1.027,0.064,ok
parallel_merge_sort,4,Tuple: Dup Scores (n=20),20,27602,1.0,0.25,ok
parallel_merge_sort,8,Tuple: Dup Scores (n=20),20,24005,1.15,0.144,ok
parallel_merge_sort,16,Tuple: Dup Scores (n=20),20,24616,1.121,0.07,ok
parallel_merge_sort,4,"Tuple: Nearly Sorted (n=1,000,000)",1000000,1651776714,1.0,0.25,ok
parallel_merge_sort,8,"Tuple: Nearly Sorted (n=1,000,000)",1000000,1285597486,1.285,0.161,ok
parallel_merge_sort,16,"Tuple: Nearly Sorted (n=1,000,000)",1000000,1222379024,1.351,0.084,ok
parallel_merge_sort,4,"Tuple: Nearly Sorted (n=100,000)",100000,152797281,1.0,0.25,ok
parallel_merge_sort,8,"Tuple: Nearly Sorted (n=100,000)",100000,142439416,1.073,0.134,ok
parallel_merge_sort,16,"Tuple: Nearly Sorted (n=100,000)",100000,198172656,0.771,0.048,ok
parallel_merge_sort,4,"Tuple: Nearly Sorted (n=10,000)",10000,59209138,1.0,0.25,ok
parallel_merge_sort,8,"Tuple: Nearly Sorted (n=10,000)",10000,60658252,0.976,0.122,ok
parallel_merge_sort,16,"Tuple: Nearly Sorted (n=10,000)",10000,92824332,0.638,0.04,ok
parallel_merge_sort,4,"Tuple: Nearly Sorted (n=1,000)",1000,987750,1.0,0.25,ok
parallel_merge_sort,8,"Tuple: Nearly Sorted (n=1,000)",1000,1020831,0.968,0.121,ok
parallel_merge_sort,16,"Tuple: Nearly Sorted (n=1,000)",1000,978011,1.01,0.063,ok
parallel_merge_sort,4,Tuple: Nearly Sorted (n=20),20,32501,1.0,0.25,ok
parallel_merge_sort,8,Tuple: Nearly Sorted (n=20),20,23254,1.398,0.175,ok
parallel_merge_sort,16,Tuple: Nearly Sorted (n=20),20,23724,1.37,0.086,ok
parallel_merge_sort,4,"Tuple: Random (n=1,000,000)",1000000,2015116269,1.0,0.25,ok
parallel_merge_sort,8,"Tuple: Random (n=1,000,000)",1000000,1531487916,1.316,0.165,ok
parallel_merge_sort,16,"Tuple: Random (n=1,000,000)",1000000,1410332638,1.429,0.089,ok
parallel_merge_sort,4,"Tuple: Random (n=100,000)",100000,189728732,1.0,0.25,ok
parallel_merge_sort,8,"Tuple: Random (n=100,000)",100000,177373216,1.07,0.134,ok
parallel_merge_sort,16,"Tuple: Random (n=100,000)",100000,206355915,0.919,0.057,ok
parallel_merge_sort,4,"Tuple: Random (n=10,000)",10000,59335895,1.0,0.25,ok
parallel_merge_sort,8,"Tuple: Random (n=10,000)",10000,80599620,0.736,0.092,ok
parallel_merge_sort,16,"Tuple: Random (n=10,000)",10000,100177580,0.592,0.037,ok
parallel_merge_sort,4,"Tuple: Random (n=1,000)",1000,1209875,1.0,0.25,ok
parallel_merge_sort,8,"Tuple: Random (n=1,000)",1000,1429266,0.847,0.106,ok
parallel_merge_sort,16,"Tuple: Random (n=1,000)",1000,1196520,1.011,0.063,ok
parallel_merge_sort,4,Tuple: Random (n=20),20,22993,1.0,0.25,ok
parallel_merge_sort,8,Tuple: Random (n=20),20,23875,0.963,0.12,ok
parallel_merge_sort,16,Tuple: Random (n=20),20,23975,0.959,0.06,ok
parallel_merge_sort,4,"Tuple: Reverse (n=1,000,000)",1000000,1325097627,1.0,0.25,ok
parallel_merge_sort,8,"Tuple: Reverse (n=1,000,000)",1000000,1066996057,1.242,0.155,ok
parallel_merge_sort,16,"Tuple: Reverse (n=1,000,000)",1000000,1054808382,1.256,0.079,ok
parallel_merge_sort,4,"Tuple: Reverse (n=100,000)",100000,148939432,1.0,0.25,ok
parallel_merge_sort,8,"Tuple: Reverse (n=100,000)",100000,140933501,1.057,0.132,ok
parallel_merge_sort,16,"Tuple: Reverse (n=100,000)",100000,183322352,0.812,0.051,ok
parallel_merge_sort,4,"Tuple: Reverse (n=10,000)",10000,58180851,1.0,0.25,ok
parallel_merge_sort,8,"Tuple: Reverse (n=10,000)",10000,61799657,0.941,0.118,ok
parallel_merge_sort,16,"Tuple: Reverse (n=10,000)",10000,95154402,0.611,0.038,ok
parallel_merge_sort,4,"Tuple: Reverse (n=1,000)",1000,923639,1.0,0.25,ok
parallel_merge_sort,8,"Tuple: Reverse (n=1,000)",1000,865440,1.067,0.133,ok
parallel_merge_sort,16,"Tuple: Reverse (n=1,000)",1000,1032063,0.895,0.056,ok
parallel_merge_sort,4,Tuple: Reverse (n=20),20,20879,1.0,0.25,ok
parallel_merge_sort,8,Tuple: Reverse (n=20),20,21941,0.952,0.119,ok
parallel_merge_sort,16,Tuple: Reverse (n=20),20,21310,0.98,0.061,ok
parallel_merge_sort,4,"Tuple: Sorted (n=1,000,000)",1000000,1302686874,1.0,0.25,ok
parallel_merge_sort,8,"Tuple: Sorted (n=1,000,000)",1000000,1127055268,1.156,0.144,ok
parallel_merge_sort,16,"Tuple: Sorted (n=1,000,000)",1000000,1033827080,1.26,0.079,ok
parallel_merge_sort,4,"Tuple: Sorted (n=100,000)",100000,141837793,1.0,0.25,ok
parallel_merge_sort,8,"Tuple: Sorted (n=100,000)",100000,139717262,1.015,0.127,ok
parallel_merge_sort,16,"Tuple: Sorted (n=100,000)",100000,167708864,0.846,0.053,ok
parallel_merge_sort,4,"Tuple: Sorted (n=10,000)",10000,54745597,1.0,0.25,ok
parallel_merge_sort,8,"Tuple: Sorted (n=10,000)",10000,60401378,0.906,0.113,ok
parallel_merge_sort,16,"Tuple: Sorted (n=10,000)",10000,87678943,0.624,0.039,ok
parallel_merge_sort,4,"Tuple: Sorted (n=1,000)",1000,841836,1.0,0.25,ok
parallel_merge_sort,8,"Tuple: Sorted (n=1,000)",1000,837749,1.005,0.126,ok
parallel_merge_sort,16,"Tuple: Sorted (n=1,000)",1000,832920,1.011,0.063,ok
parallel_merge_sort,4,Tuple: Sorted (n=20),20,20558,1.0,0.25,ok
parallel_merge_sort,8,Tuple: Sorted (n=20),20,20328,1.011,0.126,ok
parallel_merge_sort,16,Tuple: Sorted (n=20),20,19236,1.069,0.067,ok
parallel_quick_sort,4,"Int: Duplicates (n=1,000,000)",1000000,372198668,1.0,0.25,ok
parallel_quick_sort,8,"Int: Duplicates (n=1,000,000)",1000000,404083659,0.921,0.115,ok
parallel_quick_sort,16,"Int: Duplicates (n=1,000,000)",1000000,469259807,0.793,0.05,ok
parallel_quick_sort,4,"Int: Duplicates (n=100,000)",100000,78652522,1.0,0.25,ok
parallel_quick_sort,8,"Int: Duplicates (n=100,000)",100000,89173131,0.882,0.11,ok
parallel_quick_sort,16,"Int: Duplicates (n=100,000)",100000,120673413,0.652,0.041,ok
parallel_quick_sort,4,"Int: Duplicates (n=10,000)",10000,51434698,1.0,0.25,ok
parallel_quick_sort,8,"Int: Duplicates (n=10,000)",10000,59748384,0.861,0.108,ok
parallel_quick_sort,16,"Int: Duplicates (n=10,000)",10000,85156179,0.604,0.038,ok
parallel_quick_sort,4,"Int: Duplicates (n=1,000)",1000,212518,1.0,0.25,ok
parallel_quick_sort,8,"Int: Duplicates (n=1,000)",1000,213590,0.995,0.124,ok
parallel_quick_sort,16,"Int: Duplicates (n=1,000)",1000,208911,1.017,0.064,ok
parallel_quick_sort,4,Int: Duplicates (n=20),20,11672,1.0,0.25,ok
parallel_quick_sort,8,Int: Duplicates (n=20),20,11913,0.98,0.122,ok
parallel_quick_sort,16,Int: Duplicates (n=20),20,11381,1.026,0.064,ok
parallel_quick_sort,4,"Int: Nearly Sorted (n=1,000,000)",1000000,1022954267,1.0,0.25,ok
parallel_quick_sort,8,"Int: Nearly Sorted (n=1,000,000)",1000000,808805998,1.265,0.158,ok
parallel_quick_sort,16,"Int: Nearly Sorted (n=1,000,000)",1000000,733189180,1.395,0.087,ok
parallel_quick_sort,4,"Int: Nearly Sorted (n=100,000)",100000,143929667,1.0,0.25,ok
parallel_quick_sort,8,"Int: Nearly Sorted (n=100,000)",100000,138769004,1.037,0.13,ok
parallel_quick_sort,16,"Int: Nearly Sorted (n=100,000)",100000,164658150,0.874,0.055,ok
parallel_quick_sort,4,"Int: Nearly Sorted (n=10,000)",10000,57194021,1.0,0.25,ok
parallel_quick_sort,8,"Int: Nearly Sorted (n=10,000)",10000,63416472,0.902,0.113,ok
parallel_quick_sort,16,"Int: Nearly Sorted (n=10,000)",10000,85188719,0.671,0.042,ok
parallel_quick_sort,4,"Int: Nearly Sorted (n=1,000)",1000,1168648,1.0,0.25,ok
parallel_quick_sort,8,"Int: Nearly Sorted (n=1,000)",1000,1123103,1.041,0.13,ok
parallel_quick_sort,16,"Int: Nearly Sorted (n=1,000)",1000,1143481,1.022,0.064,ok
parallel_quick_sort,4,Int: Nearly Sorted (n=20),20,14176,1.0,0.25,ok
parallel_quick_sort,8,Int: Nearly Sorted (n=20),20,14658,0.967,0.121,ok
parallel_quick_sort,16,Int: Nearly Sorted (n=20),20,15339,0.924,0.058,ok
parallel_quick_sort,4,"Int: Random (n=1,000,000)",1000000,928616788,1.0,0.25,ok
parallel_quick_sort,8,"Int: Random (n=1,000,000)",1000000,685057612,1.356,0.17,ok
parallel_quick_sort,16,"Int: Random (n=1,000,000)",1000000,697117742,1.332,0.083,ok
parallel_quick_sort,4,"Int: Random (n=100,000)",100000,115685741,1.0,0.25,ok
parallel_quick_sort,8,"Int: Random (n=100,000)",100000,110706578,1.045,0.131,ok
parallel_quick_sort,16,"Int: Random (n=100,000)",100000,135945646,0.851,0.053,ok
parallel_quick_sort,4,"Int: Random (n=10,000)",10000,51282082,1.0,0.25,ok
parallel_quick_sort,8,"Int: Random (n=10,000)",10000,56010535,0.916,0.115,ok
parallel_quick_sort,16,"Int: Random (n=10,000)",10000,80690676,0.636,0.04,ok
parallel_quick_sort,4,"Int: Random (n=1,000)",1000,918540,1.0,0.25,ok
parallel_quick_sort,8,"Int: Random (n=1,000)",1000,912018,1.007,0.126,ok
parallel_quick_sort,16,"Int: Random (n=1,000)",1000,904293,1.016,0.064,ok
parallel_quick_sort,4,Int: Random (n=20),20,14697,1.0,0.25,ok
parallel_quick_sort,8,Int: Random (n=20),20,14407,1.02,0.128,ok
parallel_quick_sort,16,Int: Random (n=20),20,14898,0.987,0.062,ok
parallel_quick_sort,4,"Int: Reverse (n=1,000,000)",1000000,3968760171,1.0,0.25,ok
parallel_quick_sort,8,"Int: Reverse (n=1,000,000)",1000000,1879103506,2.112,0.264,ok
parallel_quick_sort,16,"Int: Reverse (n=1,000,000)",1000000,1448670738,2.74,0.171,ok
parallel_quick_sort,4,"Int: Reverse (n=100,000)",100000,204199080,1.0,0.25,ok
parallel_quick_sort,8,"Int: Reverse (n=100,000)",100000,151090059,1.352,0.169,ok
parallel_quick_sort,16,"Int: Reverse (n=100,000)",100000,161850607,1.262,0.079,ok
parallel_quick_sort,4,"Int: Reverse (n=10,000)",10000,55379472,1.0,0.25,ok
parallel_quick_sort,8,"Int: Reverse (n=10,000)",10000,60878238,0.91,0.114,ok
parallel_quick_sort,16,"Int: Reverse (n=10,000)",10000,85415170,0.648,0.041,ok
parallel_quick_sort,4,"Int: Reverse (n=1,000)",1000,1276721,1.0,0.25,ok
parallel_quick_sort,8,"Int: Reverse (n=1,000)",1000,1266211,1.008,0.126,ok
parallel_quick_sort,16,"Int: Reverse (n=1,000)",1000,1291899,0.988,0.062,ok
parallel_quick_sort,4,Int: Reverse (n=20),20,13916,1.0,0.25,ok
parallel_quick_sort,8,Int: Reverse (n=20),20,17873,0.779,0.097,ok
parallel_quick_sort,16,Int: Reverse (n=20),20,13966,0.996,0.062,ok
parallel_quick_sort,4,"Int: Sorted (n=1,000,000)",1000000,7001018398,1.0,0.25,ok
parallel_quick_sort,8,"Int: Sorted (n=1,000,000)",1000000,2638545390,2.653,0.332,ok
parallel_quick_sort,16,"Int: Sorted (n=1,000,000)",1000000,1858496773,3.767,0.235,ok
parallel_quick_sort,4,"Int: Sorted (n=100,000)",100000,255112021,1.0,0.25,ok
parallel_quick_sort,8,"Int: Sorted (n=100,000)",100000,180268096,1.415,0.177,ok
parallel_quick_sort,16,"Int: Sorted (n=100,000)",100000,183283592,1.392,0.087,ok
parallel_quick_sort,4,"Int: Sorted (n=10,000)",10000,59377536,1.0,0.25,ok
parallel_quick_sort,8,"Int: Sorted (n=10,000)",10000,71924779,0.826,0.103,ok
parallel_quick_sort,16,"Int: Sorted (n=10,000)",10000,82871104,0.717,0.045,ok
parallel_quick_sort,4,"Int: Sorted (n=1,000)",1000,1789831,1.0,0.25,ok
parallel_quick_sort,8,"Int: Sorted (n=1,000)",1000,1543680,1.159,0.145,ok
parallel_quick_sort,16,"Int: Sorted (n=1,000)",1000,1534995,1.166,0.073,ok
parallel_quick_sort,4,Int: Sorted (n=20),20,14166,1.0,0.25,ok
parallel_quick_sort,8,Int: Sorted (n=20),20,14607,0.97,0.121,ok
parallel_quick_sort,16,Int: Sorted (n=20),20,14617,0.969,0.061,ok
parallel_quick_sort,4,"Str: Mixed Case (n=1,000,000)",1000000,1241663170,1.0,0.25,ok
parallel_quick_sort,8,"Str: Mixed Case (n=1,000,000)",1000000,898040524,1.383,0.173,ok
parallel_quick_sort,16,"Str: Mixed Case (n=1,000,000)",1000000,884925708,1.403,0.088,ok
parallel_quick_sort,4,"Str: Mixed Case (n=100,000)",100000,141848699,1.0,0.25,ok
parallel_quick_sort,8,"Str: Mixed Case (n=100,000)",100000,132233657,1.073,0.134,ok
parallel_quick_sort,16,"Str: Mixed Case (n=100,000)",100000,166514312,0.852,0.053,ok
parallel_quick_sort,4,"Str: Mixed Case (n=10,000)",10000,54679228,1.0,0.25,ok
parallel_quick_sort,8,"Str: Mixed Case (n=10,000)",10000,61538110,0.889,0.111,ok
parallel_quick_sort,16,"Str: Mixed Case (n=10,000)",10000,84960334,0.644,0.04,ok
parallel_quick_sort,4,"Str: Mixed Case (n=1,000)",1000,1082496,1.0,0.25,ok
parallel_quick_sort,8,"Str: Mixed Case (n=1,000)",1000,1059594,1.022,0.128,ok
parallel_quick_sort,16,"Str: Mixed Case (n=1,000)",1000,1068511,1.013,0.063,ok
parallel_quick_sort,4,Str: Mixed Case (n=20),20,18826,1.0,0.25,ok
parallel_quick_sort,8,Str: Mixed Case (n=20),20,18655,1.009,0.126,ok
parallel_quick_sort,16,Str: Mixed Case (n=20),20,19797,0.951,0.059,ok
parallel_quick_sort,4,"Str: Nearly Sorted (n=1,000,000)",1000000,1422112388,1.0,0.25,ok
parallel_quick_sort,8,"Str: Nearly Sorted (n=1,000,000)",1000000,1081980572,1.314,0.164,ok
parallel_quick_sort,16,"Str: Nearly Sorted (n=1,000,000)",1000000,897450948,1.585,0.099,ok
parallel_quick_sort,4,"Str: Nearly Sorted (n=100,000)",100000,164584206,1.0,0.25,ok
parallel_quick_sort,8,"Str: Nearly Sorted (n=100,000)",100000,144474675,1.139,0.142,ok
parallel_quick_sort,16,"Str: Nearly Sorted (n=100,000)",100000,170011006,0.968,0.06,ok
parallel_quick_sort,4,"Str: Nearly Sorted (n=10,000)",10000,58381590,1.0,0.25,ok
parallel_quick_sort,8,"Str: Nearly Sorted (n=10,000)",10000,61698009,0.946,0.118,ok
parallel_quick_sort,16,"Str: Nearly Sorted (n=10,000)",10000,87338306,0.668,0.042,ok
parallel_quick_sort,4,"Str: Nearly Sorted (n=1,000)",1000,1260460,1.0,0.25,ok
parallel_quick_sort,8,"Str: Nearly Sorted (n=1,000)",1000,1738415,0.725,0.091,ok
parallel_quick_sort,16,"Str: Nearly Sorted (n=1,000)",1000,1252845,1.006,0.063,ok
parallel_quick_sort,4,Str: Nearly Sorted (n=20),20,17102,1.0,0.25,ok
parallel_quick_sort,8,Str: Nearly Sorted (n=20),20,16531,1.035,0.129,ok
parallel_quick_sort,16,Str: Nearly Sorted (n=20),20,16791,1.019,0.064,ok
parallel_quick_sort,4,"Str: Random (n=1,000,000)",1000000,1225953167,1.0,0.25,ok
parallel_quick_sort,8,"Str: Random (n=1,000,000)",1000000,935886624,1.31,0.164,ok
parallel_quick_sort,16,"Str: Random (n=1,000,000)",1000000,853967753,1.436,0.09,ok
parallel_quick_sort,4,"Str: Random (n=100,000)",100000,141508279,1.0,0.25,ok
parallel_quick_sort,8,"Str: Random (n=100,000)",100000,146059269,0.969,0.121,ok
parallel_quick_sort,16,"Str: Random (n=100,000)",100000,178831620,0.791,0.049,ok
parallel_quick_sort,4,"Str: Random (n=10,000)",10000,58661283,1.0,0.25,ok
parallel_quick_sort,8,"Str: Random (n=10,000)",10000,59663189,0.983,0.123,ok
parallel_quick_sort,16,"Str: Random (n=10,000)",10000,85598919,0.685,0.043,ok
parallel_quick_sort,4,"Str: Random (n=1,000)",1000,1071847,1.0,0.25,ok
parallel_quick_sort,8,"Str: Random (n=1,000)",1000,1076856,0.995,0.124,ok
parallel_quick_sort,16,"Str: Random (n=1,000)",1000,1068420,1.003,0.063,ok
parallel_quick_sort,4,Str: Random (n=20),20,22782,1.0,0.25,ok
parallel_quick_sort,8,Str: Random (n=20),20,16782,1.358,0.17,ok
parallel_quick_sort,16,Str: Random (n=20),20,17182,1.326,0.083,ok
parallel_quick_sort,4,"Str: Reverse (n=1,000,000)",1000000,4911540518,1.0,0.25,ok
parallel_quick_sort,8,"Str: Reverse (n=1,000,000)",1000000,2472210738,1.987,0.248,ok
parallel_quick_sort,16,"Str: Reverse (n=1,000,000)",1000000,1765700929,2.782,0.174,ok
parallel_quick_sort,4,"Str: Reverse (n=100,000)",100000,256965986,1.0,0.25,ok
parallel_quick_sort,8,"Str: Reverse (n=100,000)",100000,185898938,1.382,0.173,ok
parallel_quick_sort,16,"Str: Reverse (n=100,000)",100000,186785888,1.376,0.086,ok
parallel_quick_sort,4,"Str: Reverse (n=10,000)",10000,57924572,1.0,0.25,ok
parallel_quick_sort,8,"Str: Reverse (n=10,000)",10000,63345170,0.914,0.114,ok
parallel_quick_sort,16,"Str: Reverse (n=10,000)",10000,85029671,0.681,0.043,ok
parallel_quick_sort,4,"Str: Reverse (n=1,000)",1000,1478829,1.0,0.25,ok
parallel_quick_sort,8,"Str: Reverse (n=1,000)",1000,1553308,0.952,0.119,ok
parallel_quick_sort,16,"Str: Reverse (n=1,000)",1000,1500890,0.985,0.062,ok
parallel_quick_sort,4,Str: Reverse (n=20),20,16391,1.0,0.25,ok
parallel_quick_sort,8,Str: Reverse (n=20),20,17032,0.962,0.12,ok
parallel_quick_sort,16,Str: Reverse (n=20),20,15019,1.091,0.068,ok
parallel_quick_sort,4,"Str: Sorted (n=1,000,000)",1000000,6619889926,1.0,0.25,ok
parallel_quick_sort,8,"Str: Sorted (n=1,000,000)",1000000,3373394023,1.962,0.245,ok
parallel_quick_sort,16,"Str: Sorted (n=1,000,000)",1000000,2261744987,2.927,0.183,ok
parallel_quick_sort,4,"Str: Sorted (n=100,000)",100000,290207354,1.0,0.25,ok
parallel_quick_sort,8,"Str: Sorted (n=100,000)",100000,194937023,1.489,0.186,ok
parallel_quick_sort,16,"Str: Sorted (n=100,000)",100000,195648636,1.483,0.093,ok
parallel_quick_sort,4,"Str: Sorted (n=10,000)",10000,60339421,1.0,0.25,ok
parallel_quick_sort,8,"Str: Sorted (n=10,000)",10000,63026001,0.957,0.12,ok
parallel_quick_sort,16,"Str: Sorted (n=10,000)",10000,92006951,0.656,0.041,ok
parallel_quick_sort,4,"Str: Sorted (n=1,000)",1000,2832153,1.0,0.25,ok
parallel_quick_sort,8,"Str: Sorted (n=1,000)",1000,1851356,1.53,0.191,ok
parallel_quick_sort,16,"Str: Sorted (n=1,000)",1000,1884308,1.503,0.094,ok
parallel_quick_sort,4,Str: Sorted (n=20),20,16732,1.0,0.25,ok
parallel_quick_sort,8,Str: Sorted (n=20),20,16490,1.015,0.127,ok
parallel_quick_sort,16,Str: Sorted (n=20),20,16691,1.002,0.063,ok
parallel_quick_sort,4,"Tuple: Dup Scores (n=1,000,000)",1000000,2005068342,1.0,0.25,ok
parallel_quick_sort,8,"Tuple: Dup Scores (n=1,000,000)",1000000,1403506308,1.429,0.179,ok
parallel_quick_sort,16,"Tuple: Dup Scores (n=1,000,000)",1000000,1339822620,1.497,0.094,ok
parallel_quick_sort,4,"Tuple: Dup Scores (n=100,000)",100000,179055085,1.0,0.25,ok
parallel_quick_sort,8,"Tuple: Dup Scores (n=100,000)",100000,178194234,1.005,0.126,ok
parallel_quick_sort,16,"Tuple: Dup Scores (n=100,000)",100000,198721575,0.901,0.056,ok
parallel_quick_sort,4,"Tuple: Dup Scores (n=10,000)",10000,57969193,1.0,0.25,ok
parallel_quick_sort,8,"Tuple: Dup Scores (n=10,000)",10000,64240184,0.902,0.113,ok
parallel_quick_sort,16,"Tuple: Dup Scores (n=10,000)",10000,93282788,0.621,0.039,ok
parallel_quick_sort,4,"Tuple: Dup Scores (n=1,000)",1000,1289144,1.0,0.25,ok
parallel_quick_sort,8,"Tuple: Dup Scores (n=1,000)",1000,1386456,0.93,0.116,ok
parallel_quick_sort,16,"Tuple: Dup Scores (n=1,000)",1000,1293060,0.997,0.062,ok
parallel_quick_sort,4,Tuple: Dup Scores (n=20),20,19316,1.0,0.25,ok
parallel_quick_sort,8,Tuple: Dup Scores (n=20),20,18575,1.04,0.13,ok
parallel_quick_sort,16,Tuple: Dup Scores (n=20),20,19136,1.009,0.063,ok
parallel_quick_sort,4,"Tuple: Nearly Sorted (n=1,000,000)",1000000,2011218425,1.0,0.25,ok
parallel_quick_sort,8,"Tuple: Nearly Sorted (n=1,000,000)",1000000,1563208306,1.287,0.161,ok
parallel_quick_sort,16,"Tuple: Nearly Sorted (n=1,000,000)",1000000,1317093364,1.527,0.095,ok
parallel_quick_sort,4,"Tuple: Nearly Sorted (n=100,000)",100000,183546853,1.0,0.25,ok
parallel_quick_sort,8,"Tuple: Nearly Sorted (n=100,000)",100000,184135203,0.997,0.125,ok
parallel_quick_sort,16,"Tuple: Nearly Sorted (n=100,000)",100000,212214985,0.865,0.054,ok
parallel_quick_sort,4,"Tuple: Nearly Sorted (n=10,000)",10000,64445567,1.0,0.25,ok
parallel_quick_sort,8,"Tuple: Nearly Sorted (n=10,000)",10000,66092180,0.975,0.122,ok
parallel_quick_sort,16,"Tuple: Nearly Sorted (n=10,000)",10000,94906387,0.679,0.042,ok
parallel_quick_sort,4,"Tuple: Nearly Sorted (n=1,000)",1000,1638207,1.0,0.25,ok
parallel_quick_sort,8,"Tuple: Nearly Sorted (n=1,000)",1000,1614323,1.015,0.127,ok
parallel_quick_sort,16,"Tuple: Nearly Sorted (n=1,000)",1000,1564960,1.047,0.065,ok
parallel_quick_sort,4,Tuple: Nearly Sorted (n=20),20,18234,1.0,0.25,ok
parallel_quick_sort,8,Tuple: Nearly Sorted (n=20),20,17453,1.045,0.131,ok
parallel_quick_sort,16,Tuple: Nearly Sorted (n=20),20,18214,1.001,0.063,ok
parallel_quick_sort,4,"Tuple: Random (n=1,000,000)",1000000,2095663481,1.0,0.25,ok
parallel_quick_sort,8,"Tuple: Random (n=1,000,000)",1000000,1463304557,1.432,0.179,ok
parallel_quick_sort,16,"Tuple: Random (n=1,000,000)",1000000,1423353145,1.472,0.092,ok
parallel_quick_sort,4,"Tuple: Random (n=100,000)",100000,186667632,1.0,0.25,ok
parallel_quick_sort,8,"Tuple: Random (n=100,000)",100000,168067218,1.111,0.139,ok
parallel_quick_sort,16,"Tuple: Random (n=100,000)",100000,210038808,0.889,0.056,ok
parallel_quick_sort,4,"Tuple: Random (n=10,000)",10000,70874212,1.0,0.25,ok
parallel_quick_sort,8,"Tuple: Random (n=10,000)",10000,66158252,1.071,0.134,ok
parallel_quick_sort,16,"Tuple: Random (n=10,000)",10000,99089937,0.715,0.045,ok
parallel_quick_sort,4,"Tuple: Random (n=1,000)",1000,1095321,1.0,0.25,ok
parallel_quick_sort,8,"Tuple: Random (n=1,000)",1000,1107744,0.989,0.124,ok
parallel_quick_sort,16,"Tuple: Random (n=1,000)",1000,1100160,0.996,0.062,ok
parallel_quick_sort,4,Tuple: Random (n=20),20,18705,1.0,0.25,ok
parallel_quick_sort,8,Tuple: Random (n=20),20,18054,1.036,0.13,ok
parallel_quick_sort,16,Tuple: Random (n=20),20,18034,1.037,0.065,ok
parallel_quick_sort,4,"Tuple: Reverse (n=1,000,000)",1000000,5873873178,1.0,0.25,ok
parallel_quick_sort,8,"Tuple: Reverse (n=1,000,000)",1000000,3065394592,1.916,0.239,ok
parallel_quick_sort,16,"Tuple: Reverse (n=1,000,000)",1000000,2190738493,2.681,0.168,ok
parallel_quick_sort,4,"Tuple: Reverse (n=100,000)",100000,288179535,1.0,0.25,ok
parallel_quick_sort,8,"Tuple: Reverse (n=100,000)",100000,230439374,1.251,0.156,ok
parallel_quick_sort,16,"Tuple: Reverse (n=100,000)",100000,211617055,1.362,0.085,ok
parallel_quick_sort,4,"Tuple: Reverse (n=10,000)",10000,60934852,1.0,0.25,ok
parallel_quick_sort,8,"Tuple: Reverse (n=10,000)",10000,64733032,0.941,0.118,ok
parallel_quick_sort,16,"Tuple: Reverse (n=10,000)",10000,95589341,0.637,0.04,ok
parallel_quick_sort,4,"Tuple: Reverse (n=1,000)",1000,1708740,1.0,0.25,ok
parallel_quick_sort,8,"Tuple: Reverse (n=1,000)",1000,1678953,1.018,0.127,ok
parallel_quick_sort,16,"Tuple: Reverse (n=1,000)",1000,1763562,0.969,0.061,ok
parallel_quick_sort,4,Tuple: Reverse (n=20),20,17463,1.0,0.25,ok
parallel_quick_sort,8,Tuple: Reverse (n=20),20,17292,1.01,0.126,ok
parallel_quick_sort,16,Tuple: Reverse (n=20),20,17383,1.005,0.063,ok
parallel_quick_sort,4,"Tuple: Sorted (n=1,000,000)",1000000,8036288076,1.0,0.25,ok
parallel_quick_sort,8,"Tuple: Sorted (n=1,000,000)",1000000,4077875891,1.971,0.246,ok
parallel_quick_sort,16,"Tuple: Sorted (n=1,000,000)",1000000,2789425206,2.881,0.18,ok
parallel_quick_sort,4,"Tuple: Sorted (n=100,000)",100000,349428943,1.0,0.25,ok
parallel_quick_sort,8,"Tuple: Sorted (n=100,000)",100000,239933902,1.456,0.182,ok
parallel_quick_sort,16,"Tuple: Sorted (n=100,000)",100000,211900528,1.649,0.103,ok
parallel_quick_sort,4,"Tuple: Sorted (n=10,000)",10000,59239675,1.0,0.25,ok
parallel_quick_sort,8,"Tuple: Sorted (n=10,000)",10000,63177548,0.938,0.117,ok
parallel_quick_sort,16,"Tuple: Sorted (n=10,000)",10000,88707574,0.668,0.042,ok
parallel_quick_sort,4,"Tuple: Sorted (n=1,000)",1000,2097357,1.0,0.25,ok
parallel_quick_sort,8,"Tuple: Sorted (n=1,000)",1000,2063022,1.017,0.127,ok
parallel_quick_sort,16,"Tuple: Sorted (n=1,000)",1000,2076438,1.01,0.063,ok
parallel_quick_sort,4,Tuple: Sorted (n=20),20,17804,1.0,0.25,ok
parallel_quick_sort,8,Tuple: Sorted (n=20),20,17783,1.001,0.125,ok
parallel_quick_sort,16,Tuple: Sorted (n=20),20,16692,1.067,0.067,ok
parallel_bubble_sort,4,"Int: Duplicates (n=1,000,000)",1000000,,,,TIMEOUT
parallel_bubble_sort,8,"Int: Duplicates (n=1,000,000)",1000000,,,,TIMEOUT
parallel_bubble_sort,16,"Int: Duplicates (n=1,000,000)",1000000,,,,TIMEOUT
parallel_bubble_sort,4,"Int: Duplicates (n=100,000)",100000,89824576067,1.0,0.25,ok
parallel_bubble_sort,8,"Int: Duplicates (n=100,000)",100000,27428884993,3.275,0.409,ok
parallel_bubble_sort,16,"Int: Duplicates (n=100,000)",100000,9867065647,9.103,0.569,ok
parallel_bubble_sort,4,"Int: Duplicates (n=10,000)",10000,1197176590,1.0,0.25,ok
parallel_bubble_sort,8,"Int: Duplicates (n=10,000)",10000,372853670,3.211,0.401,ok
parallel_bubble_sort,16,"Int: Duplicates (n=10,000)",10000,411708562,2.908,0.182,ok
parallel_bubble_sort,4,"Int: Duplicates (n=1,000)",1000,146349160,1.0,0.25,ok
parallel_bubble_sort,8,"Int: Duplicates (n=1,000)",1000,150959030,0.969,0.121,ok
parallel_bubble_sort,16,"Int: Duplicates (n=1,000)",1000,165472908,0.884,0.055,ok
parallel_bubble_sort,4,Int: Duplicates (n=20),20,26901,1.0,0.25,ok
parallel_bubble_sort,8,Int: Duplicates (n=20),20,23264,1.156,0.144,ok
parallel_bubble_sort,16,Int: Duplicates (n=20),20,24116,1.115,0.07,ok
parallel_bubble_sort,4,"Int: Nearly Sorted (n=1,000,000)",1000000,,,,TIMEOUT
parallel_bubble_sort,8,"Int: Nearly Sorted (n=1,000,000)",1000000,,,,TIMEOUT
parallel_bubble_sort,16,"Int: Nearly Sorted (n=1,000,000)",1000000,,,,TIMEOUT
parallel_bubble_sort,4,"Int: Nearly Sorted (n=100,000)",100000,84292787832,1.0,0.25,ok
parallel_bubble_sort,8,"Int: Nearly Sorted (n=100,000)",100000,32103672147,2.626,0.328,ok
parallel_bubble_sort,16,"Int: Nearly Sorted (n=100,000)",100000,8845615572,9.529,0.596,ok
parallel_bubble_sort,4,"Int: Nearly Sorted (n=10,000)",10000,997132513,1.0,0.25,ok
parallel_bubble_sort,8,"Int: Nearly Sorted (n=10,000)",10000,556460062,1.792,0.224,ok
parallel_bubble_sort,16,"Int: Nearly Sorted (n=10,000)",10000,355582038,2.804,0.175,ok
parallel_bubble_sort,4,"Int: Nearly Sorted (n=1,000)",1000,187529758,1.0,0.25,ok
parallel_bubble_sort,8,"Int: Nearly Sorted (n=1,000)",1000,161700905,1.16,0.145,ok
parallel_bubble_sort,16,"Int: Nearly Sorted (n=1,000)",1000,373263534,0.502,0.031,ok
parallel_bubble_sort,4,Int: Nearly Sorted (n=20),20,17663,1.0,0.25,ok
parallel_bubble_sort,8,Int: Nearly Sorted (n=20),20,17463,1.011,0.126,ok
parallel_bubble_sort,16,Int: Nearly Sorted (n=20),20,17683,0.999,0.062,ok
parallel_bubble_sort,4,"Int: Random (n=1,000,000)",1000000,,,,TIMEOUT
parallel_bubble_sort,8,"Int: Random (n=1,000,000)",1000000,,,,TIMEOUT
parallel_bubble_sort,16,"Int: Random (n=1,000,000)",1000000,,,,TIMEOUT
parallel_bubble_sort,4,"Int: Random (n=100,000)",100000,,,,TIMEOUT
parallel_bubble_sort,8,"Int: Random (n=100,000)",100000,66726625492,,,ok
parallel_bubble_sort,16,"Int: Random (n=100,000)",100000,18184440937,,,ok
parallel_bubble_sort,4,"Int: Random (n=10,000)",10000,2901745129,1.0,0.25,ok
parallel_bubble_sort,8,"Int: Random (n=10,000)",10000,820069060,3.538,0.442,ok
parallel_bubble_sort,16,"Int: Random (n=10,000)",10000,699983940,4.145,0.259,ok
parallel_bubble_sort,4,"Int: Random (n=1,000)",1000,215216201,1.0,0.25,ok
parallel_bubble_sort,8,"Int: Random (n=1,000)",1000,128992356,1.668,0.208,ok
parallel_bubble_sort,16,"Int: Random (n=1,000)",1000,232140463,0.927,0.058,ok
parallel_bubble_sort,4,Int: Random (n=20),20,22151,1.0,0.25,ok
parallel_bubble_sort,8,Int: Random (n=20),20,24817,0.893,0.112,ok
parallel_bubble_sort,16,Int: Random (n=20),20,25127,0.882,0.055,ok
parallel_bubble_sort,4,"Int: Reverse (n=1,000,000)",1000000,,,,TIMEOUT
parallel_bubble_sort,8,"Int: Reverse (n=1,000,000)",1000000,,,,TIMEOUT
parallel_bubble_sort,16,"Int: Reverse (n=1,000,000)",1000000,,,,TIMEOUT
parallel_bubble_sort,4,"Int: Reverse (n=100,000)",100000,,,,TIMEOUT
parallel_bubble_sort,8,"Int: Reverse (n=100,000)",100000,94065999818,,,ok
parallel_bubble_sort,16,"Int: Reverse (n=100,000)",100000,34587350347,,,ok
parallel_bubble_sort,4,"Int: Reverse (n=10,000)",10000,5075605731,1.0,0.25,ok
parallel_bubble_sort,8,"Int: Reverse (n=10,000)",10000,828637932,6.125,0.766,ok
parallel_bubble_sort,16,"Int: Reverse (n=10,000)",10000,574288843,8.838,0.552,ok
parallel_bubble_sort,4,"Int: Reverse (n=1,000)",1000,268508445,1.0,0.25,ok
parallel_bubble_sort,8,"Int: Reverse (n=1,000)",1000,383037970,0.701,0.088,ok
parallel_bubble_sort,16,"Int: Reverse (n=1,000)",1000,299159960,0.898,0.056,ok
parallel_bubble_sort,4,Int: Reverse (n=20),20,29967,1.0,0.25,ok
parallel_bubble_sort,8,Int: Reverse (n=20),20,30759,0.974,0.122,ok
parallel_bubble_sort,16,Int: Reverse (n=20),20,29316,1.022,0.064,ok
parallel_bubble_sort,4,"Int: Sorted (n=1,000,000)",1000000,3781927264,1.0,0.25,ok
parallel_bubble_sort,8,"Int: Sorted (n=1,000,000)",1000000,2777628665,1.362,0.17,ok
parallel_bubble_sort,16,"Int: Sorted (n=1,000,000)",1000000,4796021048,0.789,0.049,ok
parallel_bubble_sort,4,"Int: Sorted (n=100,000)",100000,552548612,1.0,0.25,ok
parallel_bubble_sort,8,"Int: Sorted (n=100,000)",100000,385698621,1.433,0.179,ok
parallel_bubble_sort,16,"Int: Sorted (n=100,000)",100000,588882333,0.938,0.059,ok
parallel_bubble_sort,4,"Int: Sorted (n=10,000)",10000,278576718,1.0,0.25,ok
parallel_bubble_sort,8,"Int: Sorted (n=10,000)",10000,372738907,0.747,0.093,ok
parallel_bubble_sort,16,"Int: Sorted (n=10,000)",10000,258826937,1.076,0.067,ok
parallel_bubble_sort,4,"Int: Sorted (n=1,000)",1000,178548716,1.0,0.25,ok
parallel_bubble_sort,8,"Int: Sorted (n=1,000)",1000,199577015,0.895,0.112,ok
parallel_bubble_sort,16,"Int: Sorted (n=1,000)",1000,286504816,0.623,0.039,ok
parallel_bubble_sort,4,Int: Sorted (n=20),20,4950,1.0,0.25,ok
parallel_bubble_sort,8,Int: Sorted (n=20),20,5901,0.839,0.105,ok
parallel_bubble_sort,16,Int: Sorted (n=20),20,4950,1.0,0.062,ok
parallel_bubble_sort,4,"Str: Mixed Case (n=1,000,000)",1000000,,,,TIMEOUT
parallel_bubble_sort,8,"Str: Mixed Case (n=1,000,000)",1000000,,,,TIMEOUT
parallel_bubble_sort,16,"Str: Mixed Case (n=1,000,000)",1000000,,,,TIMEOUT
parallel_bubble_sort,4,"Str: Mixed Case (n=100,000)",100000,,,,TIMEOUT
parallel_bubble_sort,8,"Str: Mixed Case (n=100,000)",100000,,,,TIMEOUT
parallel_bubble_sort,16,"Str: Mixed Case (n=100,000)",100000,40703315830,,,ok
parallel_bubble_sort,4,"Str: Mixed Case (n=10,000)",10000,2281258090,1.0,0.25,ok
parallel_bubble_sort,8,"Str: Mixed Case (n=10,000)",10000,1552311163,1.47,0.184,ok
parallel_bubble_sort,16,"Str: Mixed Case (n=10,000)",10000,1097847998,2.078,0.13,ok
parallel_bubble_sort,4,"Str: Mixed Case (n=1,000)",1000,326251432,1.0,0.25,ok
parallel_bubble_sort,8,"Str: Mixed Case (n=1,000)",1000,363925409,0.896,0.112,ok
parallel_bubble_sort,16,"Str: Mixed Case (n=1,000)",1000,280508658,1.163,0.073,ok
parallel_bubble_sort,4,Str: Mixed Case (n=20),20,27331,1.0,0.25,ok
parallel_bubble_sort,8,Str: Mixed Case (n=20),20,27362,0.999,0.125,ok
parallel_bubble_sort,16,Str: Mixed Case (n=20),20,25058,1.091,0.068,ok
parallel_bubble_sort,4,"Str: Nearly Sorted (n=1,000,000)",1000000,,,,TIMEOUT
parallel_bubble_sort,8,"Str: Nearly Sorted (n=1,000,000)",1000000,,,,TIMEOUT
parallel_bubble_sort,16,"Str: Nearly Sorted (n=1,000,000)",1000000,,,,TIMEOUT
parallel_bubble_sort,4,"Str: Nearly Sorted (n=100,000)",100000,,,,TIMEOUT
parallel_bubble_sort,8,"Str: Nearly Sorted (n=100,000)",100000,90790675340,,,ok
parallel_bubble_sort,16,"Str: Nearly Sorted (n=100,000)",100000,26067045493,,,ok
parallel_bubble_sort,4,"Str: Nearly Sorted (n=10,000)",10000,4694862548,1.0,0.25,ok
parallel_bubble_sort,8,"Str: Nearly Sorted (n=10,000)",10000,1037661960,4.524,0.566,ok
parallel_bubble_sort,16,"Str: Nearly Sorted (n=10,000)",10000,593993042,7.904,0.494,ok
parallel_bubble_sort,4,"Str: Nearly Sorted (n=1,000)",1000,221116380,1.0,0.25,ok
parallel_bubble_sort,8,"Str: Nearly Sorted (n=1,000)",1000,156591803,1.412,0.176,ok
parallel_bubble_sort,16,"Str: Nearly Sorted (n=1,000)",1000,523018632,0.423,0.026,ok
parallel_bubble_sort,4,Str: Nearly Sorted (n=20),20,20870,1.0,0.25,ok
parallel_bubble_sort,8,Str: Nearly Sorted (n=20),20,20468,1.02,0.128,ok
parallel_bubble_sort,16,Str: Nearly Sorted (n=20),20,20118,1.037,0.065,ok
parallel_bubble_sort,4,"Str: Random (n=1,000,000)",1000000,,,,TIMEOUT
parallel_bubble_sort,8,"Str: Random (n=1,000,000)",1000000,,,,TIMEOUT
parallel_bubble_sort,16,"Str: Random (n=1,000,000)",1000000,,,,TIMEOUT
parallel_bubble_sort,4,"Str: Random (n=100,000)",100000,,,,TIMEOUT
parallel_bubble_sort,8,"Str: Random (n=100,000)",100000,,,,TIMEOUT
parallel_bubble_sort,16,"Str: Random (n=100,000)",100000,52438605860,,,ok
parallel_bubble_sort,4,"Str: Random (n=10,000)",10000,7760009012,1.0,0.25,ok
parallel_bubble_sort,8,"Str: Random (n=10,000)",10000,1063904953,7.294,0.912,ok
parallel_bubble_sort,16,"Str: Random (n=10,000)",10000,1744071775,4.449,0.278,ok
parallel_bubble_sort,4,"Str: Random (n=1,000)",1000,276419029,1.0,0.25,ok
parallel_bubble_sort,8,"Str: Random (n=1,000)",1000,219746422,1.258,0.157,ok
parallel_bubble_sort,16,"Str: Random (n=1,000)",1000,274466473,1.007,0.063,ok
parallel_bubble_sort,4,Str: Random (n=20),20,26910,1.0,0.25,ok
parallel_bubble_sort,8,Str: Random (n=20),20,27863,0.966,0.121,ok
parallel_bubble_sort,16,Str: Random (n=20),20,79530,0.338,0.021,ok
parallel_bubble_sort,4,"Str: Reverse (n=1,000,000)",1000000,,,,TIMEOUT
parallel_bubble_sort,8,"Str: Reverse (n=1,000,000)",1000000,,,,TIMEOUT
parallel_bubble_sort,16,"Str: Reverse (n=1,000,000)",1000000,,,,TIMEOUT
parallel_bubble_sort,4,"Str: Reverse (n=100,000)",100000,,,,TIMEOUT
parallel_bubble_sort,8,"Str: Reverse (n=100,000)",100000,,,,TIMEOUT
parallel_bubble_sort,16,"Str: Reverse (n=100,000)",100000,55487745587,,,ok
parallel_bubble_sort,4,"Str: Reverse (n=10,000)",10000,6865966847,1.0,0.25,ok
parallel_bubble_sort,8,"Str: Reverse (n=10,000)",10000,1979887139,3.468,0.433,ok
parallel_bubble_sort,16,"Str: Reverse (n=10,000)",10000,1103378933,6.223,0.389,ok
parallel_bubble_sort,4,"Str: Reverse (n=1,000)",1000,485588360,1.0,0.25,ok
parallel_bubble_sort,8,"Str: Reverse (n=1,000)",1000,320379357,1.516,0.19,ok
parallel_bubble_sort,16,"Str: Reverse (n=1,000)",1000,360285711,1.348,0.084,ok
parallel_bubble_sort,4,Str: Reverse (n=20),20,30648,1.0,0.25,ok
parallel_bubble_sort,8,Str: Reverse (n=20),20,35056,0.874,0.109,ok
parallel_bubble_sort,16,Str: Reverse (n=20),20,32291,0.949,0.059,ok
parallel_bubble_sort,4,"Str: Sorted (n=1,000,000)",1000000,6111798732,1.0,0.25,ok
parallel_bubble_sort,8,"Str: Sorted (n=1,000,000)",1000000,4790486994,1.276,0.16,ok
parallel_bubble_sort,16,"Str: Sorted (n=1,000,000)",1000000,4831320430,1.265,0.079,ok
parallel_bubble_sort,4,"Str: Sorted (n=100,000)",100000,793118685,1.0,0.25,ok
parallel_bubble_sort,8,"Str: Sorted (n=100,000)",100000,699405195,1.134,0.142,ok
parallel_bubble_sort,16,"Str: Sorted (n=100,000)",100000,619252259,1.281,0.08,ok
parallel_bubble_sort,4,"Str: Sorted (n=10,000)",10000,210163178,1.0,0.25,ok
parallel_bubble_sort,8,"Str: Sorted (n=10,000)",10000,229562655,0.915,0.114,ok
parallel_bubble_sort,16,"Str: Sorted (n=10,000)",10000,691289205,0.304,0.019,ok
parallel_bubble_sort,4,"Str: Sorted (n=1,000)",1000,156224881,1.0,0.25,ok
parallel_bubble_sort,8,"Str: Sorted (n=1,000)",1000,191448731,0.816,0.102,ok
parallel_bubble_sort,16,"Str: Sorted (n=1,000)",1000,284248803,0.55,0.034,ok
parallel_bubble_sort,4,Str: Sorted (n=20),20,5260,1.0,0.25,ok
parallel_bubble_sort,8,Str: Sorted (n=20),20,5550,0.948,0.118,ok
parallel_bubble_sort,16,Str: Sorted (n=20),20,7163,0.734,0.046,ok
parallel_bubble_sort,4,"Tuple: Dup Scores (n=1,000,000)",1000000,,,,TIMEOUT
parallel_bubble_sort,8,"Tuple: Dup Scores (n=1,000,000)",1000000,,,,TIMEOUT
parallel_bubble_sort,16,"Tuple: Dup Scores (n=1,000,000)",1000000,,,,TIMEOUT
parallel_bubble_sort,4,"Tuple: Dup Scores (n=100,000)",100000,,,,TIMEOUT
parallel_bubble_sort,8,"Tuple: Dup Scores (n=100,000)",100000,,,,TIMEOUT
parallel_bubble_sort,16,"Tuple: Dup Scores (n=100,000)",100000,64784041615,,,ok
parallel_bubble_sort,4,"Tuple: Dup Scores (n=10,000)",10000,8406812336,1.0,0.25,ok
parallel_bubble_sort,8,"Tuple: Dup Scores (n=10,000)",10000,3173555605,2.649,0.331,ok
parallel_bubble_sort,16,"Tuple: Dup Scores (n=10,000)",10000,1605623341,5.236,0.327,ok
parallel_bubble_sort,4,"Tuple: Dup Scores (n=1,000)",1000,197878849,1.0,0.25,ok
parallel_bubble_sort,8,"Tuple: Dup Scores (n=1,000)",1000,473362812,0.418,0.052,ok
parallel_bubble_sort,16,"Tuple: Dup Scores (n=1,000)",1000,448626025,0.441,0.028,ok
parallel_bubble_sort,4,Tuple: Dup Scores (n=20),20,27331,1.0,0.25,ok
parallel_bubble_sort,8,Tuple: Dup Scores (n=20),20,25888,1.056,0.132,ok
parallel_bubble_sort,16,Tuple: Dup Scores (n=20),20,29907,0.914,0.057,ok
parallel_bubble_sort,4,"Tuple: Nearly Sorted (n=1,000,000)",1000000,,,,TIMEOUT
parallel_bubble_sort,8,"Tuple: Nearly Sorted (n=1,000,000)",1000000,,,,TIMEOUT
parallel_bubble_sort,16,"Tuple: Nearly Sorted (n=1,000,000)",1000000,,,,TIMEOUT
parallel_bubble_sort,4,"Tuple: Nearly Sorted (n=100,000)",100000,,,,TIMEOUT
parallel_bubble_sort,8,"Tuple: Nearly Sorted (n=100,000)",100000,,,,TIMEOUT
parallel_bubble_sort,16,"Tuple: Nearly Sorted (n=100,000)",100000,45238238943,,,ok
parallel_bubble_sort,4,"Tuple: Nearly Sorted (n=10,000)",10000,9893616433,1.0,0.25,ok
parallel_bubble_sort,8,"Tuple: Nearly Sorted (n=10,000)",10000,3724333834,2.656,0.332,ok
parallel_bubble_sort,16,"Tuple: Nearly Sorted (n=10,000)",10000,609715933,16.227,1.014,ok
parallel_bubble_sort,4,"Tuple: Nearly Sorted (n=1,000)",1000,208561932,1.0,0.25,ok
parallel_bubble_sort,8,"Tuple: Nearly Sorted (n=1,000)",1000,272429463,0.766,0.096,ok
parallel_bubble_sort,16,"Tuple: Nearly Sorted (n=1,000)",1000,557553508,0.374,0.023,ok
parallel_bubble_sort,4,Tuple: Nearly Sorted (n=20),20,22011,1.0,0.25,ok
parallel_bubble_sort,8,Tuple: Nearly Sorted (n=20),20,22141,0.994,0.124,ok
parallel_bubble_sort,16,Tuple: Nearly Sorted (n=20),20,24646,0.893,0.056,ok
parallel_bubble_sort,4,"Tuple: Random (n=1,000,000)",1000000,,,,TIMEOUT
parallel_bubble_sort,8,"Tuple: Random (n=1,000,000)",1000000,,,,TIMEOUT
parallel_bubble_sort,16,"Tuple: Random (n=1,000,000)",1000000,,,,TIMEOUT
parallel_bubble_sort,4,"Tuple: Random (n=100,000)",100000,,,,TIMEOUT
parallel_bubble_sort,8,"Tuple: Random (n=100,000)",100000,,,,TIMEOUT
parallel_bubble_sort,16,"Tuple: Random (n=100,000)",100000,64549644204,,,ok
parallel_bubble_sort,4,"Tuple: Random (n=10,000)",10000,8919851532,1.0,0.25,ok
parallel_bubble_sort,8,"Tuple: Random (n=10,000)",10000,3345194173,2.666,0.333,ok
parallel_bubble_sort,16,"Tuple: Random (n=10,000)",10000,1545564365,5.771,0.361,ok
parallel_bubble_sort,4,"Tuple: Random (n=1,000)",1000,370189547,1.0,0.25,ok
parallel_bubble_sort,8,"Tuple: Random (n=1,000)",1000,587400480,0.63,0.079,ok
parallel_bubble_sort,16,"Tuple: Random (n=1,000)",1000,609594678,0.607,0.038,ok
parallel_bubble_sort,4,Tuple: Random (n=20),20,31319,1.0,0.25,ok
parallel_bubble_sort,8,Tuple: Random (n=20),20,55057806,0.001,0.0,ok
parallel_bubble_sort,16,Tuple: Random (n=20),20,28163,1.112,0.07,ok
parallel_bubble_sort,4,"Tuple: Reverse (n=1,000,000)",1000000,,,,TIMEOUT
parallel_bubble_sort,8,"Tuple: Reverse (n=1,000,000)",1000000,,,,TIMEOUT
parallel_bubble_sort,16,"Tuple: Reverse (n=1,000,000)",1000000,,,,TIMEOUT
parallel_bubble_sort,4,"Tuple: Reverse (n=100,000)",100000,,,,TIMEOUT
parallel_bubble_sort,8,"Tuple: Reverse (n=100,000)",100000,,,,TIMEOUT
parallel_bubble_sort,16,"Tuple: Reverse (n=100,000)",100000,71031710685,,,ok
parallel_bubble_sort,4,"Tuple: Reverse (n=10,000)",10000,11865392291,1.0,0.25,ok
parallel_bubble_sort,8,"Tuple: Reverse (n=10,000)",10000,4064953455,2.919,0.365,ok
parallel_bubble_sort,16,"Tuple: Reverse (n=10,000)",10000,2713771748,4.372,0.273,ok
parallel_bubble_sort,4,"Tuple: Reverse (n=1,000)",1000,346965576,1.0,0.25,ok
parallel_bubble_sort,8,"Tuple: Reverse (n=1,000)",1000,414399084,0.837,0.105,ok
parallel_bubble_sort,16,"Tuple: Reverse (n=1,000)",1000,528243308,0.657,0.041,ok
parallel_bubble_sort,4,Tuple: Reverse (n=20),20,32601,1.0,0.25,ok
parallel_bubble_sort,8,Tuple: Reverse (n=20),20,34635,0.941,0.118,ok
parallel_bubble_sort,16,Tuple: Reverse (n=20),20,32822,0.993,0.062,ok
parallel_bubble_sort,4,"Tuple: Sorted (n=1,000,000)",1000000,21102409148,1.0,0.25,ok
parallel_bubble_sort,8,"Tuple: Sorted (n=1,000,000)",1000000,14817253907,1.424,0.178,ok
parallel_bubble_sort,16,"Tuple: Sorted (n=1,000,000)",1000000,18680531133,1.13,0.071,ok
parallel_bubble_sort,4,"Tuple: Sorted (n=100,000)",100000,805036761,1.0,0.25,ok
parallel_bubble_sort,8,"Tuple: Sorted (n=100,000)",100000,1525399232,0.528,0.066,ok
parallel_bubble_sort,16,"Tuple: Sorted (n=100,000)",100000,1528822272,0.527,0.033,ok
parallel_bubble_sort,4,"Tuple: Sorted (n=10,000)",10000,713757878,1.0,0.25,ok
parallel_bubble_sort,8,"Tuple: Sorted (n=10,000)",10000,730779887,0.977,0.122,ok
parallel_bubble_sort,16,"Tuple: Sorted (n=10,000)",10000,700699198,1.019,0.064,ok
parallel_bubble_sort,4,"Tuple: Sorted (n=1,000)",1000,301924434,1.0,0.25,ok
parallel_bubble_sort,8,"Tuple: Sorted (n=1,000)",1000,265353958,1.138,0.142,ok
parallel_bubble_sort,16,"Tuple: Sorted (n=1,000)",1000,466431424,0.647,0.04,ok
parallel_bubble_sort,4,Tuple: Sorted (n=20),20,18726,1.0,0.25,ok
parallel_bubble_sort,8,Tuple: Sorted (n=20),20,7905,2.369,0.296,ok
parallel_bubble_sort,16,Tuple: Sorted (n=20),20,7173,2.611,0.163,ok
parallel_insertion_sort,4,"Int: Duplicates (n=1,000,000)",1000000,,,,TIMEOUT
parallel_insertion_sort,8,"Int: Duplicates (n=1,000,000)",1000000,,,,TIMEOUT
parallel_insertion_sort,16,"Int: Duplicates (n=1,000,000)",1000000,,,,TIMEOUT
parallel_insertion_sort,4,"Int: Duplicates (n=100,000)",100000,,,,TIMEOUT
parallel_insertion_sort,8,"Int: Duplicates (n=100,000)",100000,77767521670,,,ok
parallel_insertion_sort,16,"Int: Duplicates (n=100,000)",100000,22811378879,,,ok
parallel_insertion_sort,4,"Int: Duplicates (n=10,000)",10000,3369632496,1.0,0.25,ok
parallel_insertion_sort,8,"Int: Duplicates (n=10,000)",10000,2558569906,1.317,0.165,ok
parallel_insertion_sort,16,"Int: Duplicates (n=10,000)",10000,790721138,4.261,0.266,ok
parallel_insertion_sort,4,"Int: Duplicates (n=1,000)",1000,387703909,1.0,0.25,ok
parallel_insertion_sort,8,"Int: Duplicates (n=1,000)",1000,309912373,1.251,0.156,ok
parallel_insertion_sort,16,"Int: Duplicates (n=1,000)",1000,478157210,0.811,0.051,ok
parallel_insertion_sort,4,Int: Duplicates (n=20),20,14247,1.0,0.25,ok
parallel_insertion_sort,8,Int: Duplicates (n=20),20,14587,0.977,0.122,ok
parallel_insertion_sort,16,Int: Duplicates (n=20),20,14087,1.011,0.063,ok
parallel_insertion_sort,4,"Int: Nearly Sorted (n=1,000,000)",1000000,,,,TIMEOUT
parallel_insertion_sort,8,"Int: Nearly Sorted (n=1,000,000)",1000000,,,,TIMEOUT
parallel_insertion_sort,16,"Int: Nearly Sorted (n=1,000,000)",1000000,97700652847,,,ok
parallel_insertion_sort,4,"Int: Nearly Sorted (n=100,000)",100000,13259471475,1.0,0.25,ok
parallel_insertion_sort,8,"Int: Nearly Sorted (n=100,000)",100000,6002607720,2.209,0.276,ok
parallel_insertion_sort,16,"Int: Nearly Sorted (n=100,000)",100000,3019531905,4.391,0.274,ok
parallel_insertion_sort,4,"Int: Nearly Sorted (n=10,000)",10000,183845685,1.0,0.25,ok
parallel_insertion_sort,8,"Int: Nearly Sorted (n=10,000)",10000,384061374,0.479,0.06,ok
parallel_insertion_sort,16,"Int: Nearly Sorted (n=10,000)",10000,519579746,0.354,0.022,ok
parallel_insertion_sort,4,"Int: Nearly Sorted (n=1,000)",1000,207831532,1.0,0.25,ok
parallel_insertion_sort,8,"Int: Nearly Sorted (n=1,000)",1000,392234390,0.53,0.066,ok
parallel_insertion_sort,16,"Int: Nearly Sorted (n=1,000)",1000,621446482,0.334,0.021,ok
parallel_insertion_sort,4,Int: Nearly Sorted (n=20),20,9828,1.0,0.25,ok
parallel_insertion_sort,8,Int: Nearly Sorted (n=20),20,9127,1.077,0.135,ok
parallel_insertion_sort,16,Int: Nearly Sorted (n=20),20,9778,1.005,0.063,ok
parallel_insertion_sort,4,"Int: Random (n=1,000,000)",1000000,,,,TIMEOUT
parallel_insertion_sort,8,"Int: Random (n=1,000,000)",1000000,,,,TIMEOUT
parallel_insertion_sort,16,"Int: Random (n=1,000,000)",1000000,,,,TIMEOUT
parallel_insertion_sort,4,"Int: Random (n=100,000)",100000,,,,TIMEOUT
parallel_insertion_sort,8,"Int: Random (n=100,000)",100000,106972216901,,,ok
parallel_insertion_sort,16,"Int: Random (n=100,000)",100000,25607817275,,,ok
parallel_insertion_sort,4,"Int: Random (n=10,000)",10000,5423713137,1.0,0.25,ok
parallel_insertion_sort,8,"Int: Random (n=10,000)",10000,1896512469,2.86,0.357,ok
parallel_insertion_sort,16,"Int: Random (n=10,000)",10000,807065512,6.72,0.42,ok
parallel_insertion_sort,4,"Int: Random (n=1,000)",1000,249803603,1.0,0.25,ok
parallel_insertion_sort,8,"Int: Random (n=1,000)",1000,183654336,1.36,0.17,ok
parallel_insertion_sort,16,"Int: Random (n=1,000)",1000,448394808,0.557,0.035,ok
parallel_insertion_sort,4,Int: Random (n=20),20,15850,1.0,0.25,ok
parallel_insertion_sort,8,Int: Random (n=20),20,13325,1.189,0.149,ok
parallel_insertion_sort,16,Int: Random (n=20),20,16682,0.95,0.059,ok
parallel_insertion_sort,4,"Int: Reverse (n=1,000,000)",1000000,,,,TIMEOUT
parallel_insertion_sort,8,"Int: Reverse (n=1,000,000)",1000000,,,,TIMEOUT
parallel_insertion_sort,16,"Int: Reverse (n=1,000,000)",1000000,,,,TIMEOUT
parallel_insertion_sort,4,"Int: Reverse (n=100,000)",100000,,,,TIMEOUT
parallel_insertion_sort,8,"Int: Reverse (n=100,000)",100000,,,,TIMEOUT
parallel_insertion_sort,16,"Int: Reverse (n=100,000)",100000,42161142965,,,ok
parallel_insertion_sort,4,"Int: Reverse (n=10,000)",10000,7761423613,1.0,0.25,ok
parallel_insertion_sort,8,"Int: Reverse (n=10,000)",10000,2035334517,3.813,0.477,ok
parallel_insertion_sort,16,"Int: Reverse (n=10,000)",10000,1132990951,6.85,0.428,ok
parallel_insertion_sort,4,"Int: Reverse (n=1,000)",1000,1017016192,1.0,0.25,ok
parallel_insertion_sort,8,"Int: Reverse (n=1,000)",1000,305815212,3.326,0.416,ok
parallel_insertion_sort,16,"Int: Reverse (n=1,000)",1000,736615360,1.381,0.086,ok
parallel_insertion_sort,4,Int: Reverse (n=20),20,21911,1.0,0.25,ok
parallel_insertion_sort,8,Int: Reverse (n=20),20,19496,1.124,0.141,ok
parallel_insertion_sort,16,Int: Reverse (n=20),20,20399,1.074,0.067,ok
parallel_insertion_sort,4,"Int: Sorted (n=1,000,000)",1000000,6963988732,1.0,0.25,ok
parallel_insertion_sort,8,"Int: Sorted (n=1,000,000)",1000000,6921061207,1.006,0.126,ok
parallel_insertion_sort,16,"Int: Sorted (n=1,000,000)",1000000,9691933445,0.719,0.045,ok
parallel_insertion_sort,4,"Int: Sorted (n=100,000)",100000,493079371,1.0,0.25,ok
parallel_insertion_sort,8,"Int: Sorted (n=100,000)",100000,1896773516,0.26,0.033,ok
parallel_insertion_sort,16,"Int: Sorted (n=100,000)",100000,656757073,0.751,0.047,ok
parallel_insertion_sort,4,"Int: Sorted (n=10,000)",10000,264953558,1.0,0.25,ok
parallel_insertion_sort,8,"Int: Sorted (n=10,000)",10000,360346486,0.735,0.092,ok
parallel_insertion_sort,16,"Int: Sorted (n=10,000)",10000,522309792,0.507,0.032,ok
parallel_insertion_sort,4,"Int: Sorted (n=1,000)",1000,187831789,1.0,0.25,ok
parallel_insertion_sort,8,"Int: Sorted (n=1,000)",1000,853952563,0.22,0.028,ok
parallel_insertion_sort,16,"Int: Sorted (n=1,000)",1000,395213462,0.475,0.03,ok
parallel_insertion_sort,4,Int: Sorted (n=20),20,6312,1.0,0.25,ok
parallel_insertion_sort,8,Int: Sorted (n=20),20,7003,0.901,0.113,ok
parallel_insertion_sort,16,Int: Sorted (n=20),20,7284,0.867,0.054,ok
parallel_insertion_sort,4,"Str: Mixed Case (n=1,000,000)",1000000,,,,TIMEOUT
parallel_insertion_sort,8,"Str: Mixed Case (n=1,000,000)",1000000,,,,TIMEOUT
parallel_insertion_sort,16,"Str: Mixed Case (n=1,000,000)",1000000,,,,TIMEOUT
parallel_insertion_sort,4,"Str: Mixed Case (n=100,000)",100000,,,,TIMEOUT
parallel_insertion_sort,8,"Str: Mixed Case (n=100,000)",100000,,,,TIMEOUT
parallel_insertion_sort,16,"Str: Mixed Case (n=100,000)",100000,34516735671,,,ok
parallel_insertion_sort,4,"Str: Mixed Case (n=10,000)",10000,6120706200,1.0,0.25,ok
parallel_insertion_sort,8,"Str: Mixed Case (n=10,000)",10000,1768106627,3.462,0.433,ok
parallel_insertion_sort,16,"Str: Mixed Case (n=10,000)",10000,897772567,6.818,0.426,ok
parallel_insertion_sort,4,"Str: Mixed Case (n=1,000)",1000,252251254,1.0,0.25,ok
parallel_insertion_sort,8,"Str: Mixed Case (n=1,000)",1000,584289470,0.432,0.054,ok
parallel_insertion_sort,16,"Str: Mixed Case (n=1,000)",1000,292105702,0.864,0.054,ok
parallel_insertion_sort,4,Str: Mixed Case (n=20),20,15189,1.0,0.25,ok
parallel_insertion_sort,8,Str: Mixed Case (n=20),20,23936,0.635,0.079,ok
parallel_insertion_sort,16,Str: Mixed Case (n=20),20,15709,0.967,0.06,ok
parallel_insertion_sort,4,"Str: Nearly Sorted (n=1,000,000)",1000000,,,,TIMEOUT
parallel_insertion_sort,8,"Str: Nearly Sorted (n=1,000,000)",1000000,,,,TIMEOUT
parallel_insertion_sort,16,"Str: Nearly Sorted (n=1,000,000)",1000000,,,,TIMEOUT
parallel_insertion_sort,4,"Str: Nearly Sorted (n=100,000)",100000,13448281989,1.0,0.25,ok
parallel_insertion_sort,8,"Str: Nearly Sorted (n=100,000)",100000,6937805864,1.938,0.242,ok
parallel_insertion_sort,16,"Str: Nearly Sorted (n=100,000)",100000,4355150301,3.088,0.193,ok
parallel_insertion_sort,4,"Str: Nearly Sorted (n=10,000)",10000,1755420716,1.0,0.25,ok
parallel_insertion_sort,8,"Str: Nearly Sorted (n=10,000)",10000,310972373,5.645,0.706,ok
parallel_insertion_sort,16,"Str: Nearly Sorted (n=10,000)",10000,825181928,2.127,0.133,ok
parallel_insertion_sort,4,"Str: Nearly Sorted (n=1,000)",1000,183107040,1.0,0.25,ok
parallel_insertion_sort,8,"Str: Nearly Sorted (n=1,000)",1000,621936192,0.294,0.037,ok
parallel_insertion_sort,16,"Str: Nearly Sorted (n=1,000)",1000,243439728,0.752,0.047,ok
parallel_insertion_sort,4,Str: Nearly Sorted (n=20),20,10499,1.0,0.25,ok
parallel_insertion_sort,8,Str: Nearly Sorted (n=20),20,10620,0.989,0.124,ok
parallel_insertion_sort,16,Str: Nearly Sorted (n=20),20,9067,1.158,0.072,ok
parallel_insertion_sort,4,"Str: Random (n=1,000,000)",1000000,,,,TIMEOUT
parallel_insertion_sort,8,"Str: Random (n=1,000,000)",1000000,,,,TIMEOUT
parallel_insertion_sort,16,"Str: Random (n=1,000,000)",1000000,,,,TIMEOUT
parallel_insertion_sort,4,"Str: Random (n=100,000)",100000,,,,TIMEOUT
parallel_insertion_sort,8,"Str: Random (n=100,000)",100000,,,,TIMEOUT
parallel_insertion_sort,16,"Str: Random (n=100,000)",100000,37875163351,,,ok
parallel_insertion_sort,4,"Str: Random (n=10,000)",10000,4162691680,1.0,0.25,ok
parallel_insertion_sort,8,"Str: Random (n=10,000)",10000,1548931069,2.687,0.336,ok
parallel_insertion_sort,16,"Str: Random (n=10,000)",10000,1182914022,3.519,0.22,ok
parallel_insertion_sort,4,"Str: Random (n=1,000)",1000,2049927032,1.0,0.25,ok
parallel_insertion_sort,8,"Str: Random (n=1,000)",1000,458048628,4.475,0.559,ok
parallel_insertion_sort,16,"Str: Random (n=1,000)",1000,537064998,3.817,0.239,ok
parallel_insertion_sort,4,Str: Random (n=20),20,16651,1.0,0.25,ok
parallel_insertion_sort,8,Str: Random (n=20),20,14828,1.123,0.14,ok
parallel_insertion_sort,16,Str: Random (n=20),20,17563,0.948,0.059,ok
parallel_insertion_sort,4,"Str: Reverse (n=1,000,000)",1000000,,,,TIMEOUT
parallel_insertion_sort,8,"Str: Reverse (n=1,000,000)",1000000,,,,TIMEOUT
parallel_insertion_sort,16,"Str: Reverse (n=1,000,000)",1000000,,,,TIMEOUT
parallel_insertion_sort,4,"Str: Reverse (n=100,000)",100000,,,,TIMEOUT
parallel_insertion_sort,8,"Str: Reverse (n=100,000)",100000,,,,TIMEOUT
parallel_insertion_sort,16,"Str: Reverse (n=100,000)",100000,64529801918,,,ok
parallel_insertion_sort,4,"Str: Reverse (n=10,000)",10000,10362435031,1.0,0.25,ok
parallel_insertion_sort,8,"Str: Reverse (n=10,000)",10000,1720504607,6.023,0.753,ok
parallel_insertion_sort,16,"Str: Reverse (n=10,000)",10000,2273835301,4.557,0.285,ok
parallel_insertion_sort,4,"Str: Reverse (n=1,000)",1000,439704627,1.0,0.25,ok
parallel_insertion_sort,8,"Str: Reverse (n=1,000)",1000,349667279,1.257,0.157,ok
parallel_insertion_sort,16,"Str: Reverse (n=1,000)",1000,551672167,0.797,0.05,ok
parallel_insertion_sort,4,Str: Reverse (n=20),20,23143,1.0,0.25,ok
parallel_insertion_sort,8,Str: Reverse (n=20),20,22873,1.012,0.127,ok
parallel_insertion_sort,16,Str: Reverse (n=20),20,21641,1.069,0.067,ok
parallel_insertion_sort,4,"Str: Sorted (n=1,000,000)",1000000,10943674882,1.0,0.25,ok
parallel_insertion_sort,8,"Str: Sorted (n=1,000,000)",1000000,6033378455,1.814,0.227,ok
parallel_insertion_sort,16,"Str: Sorted (n=1,000,000)",1000000,15228870074,0.719,0.045,ok
parallel_insertion_sort,4,"Str: Sorted (n=100,000)",100000,832673023,1.0,0.25,ok
parallel_insertion_sort,8,"Str: Sorted (n=100,000)",100000,869787244,0.957,0.12,ok
parallel_insertion_sort,16,"Str: Sorted (n=100,000)",100000,1006251472,0.827,0.052,ok
parallel_insertion_sort,4,"Str: Sorted (n=10,000)",10000,254446708,1.0,0.25,ok
parallel_insertion_sort,8,"Str: Sorted (n=10,000)",10000,282597940,0.9,0.113,ok
parallel_insertion_sort,16,"Str: Sorted (n=10,000)",10000,608598958,0.418,0.026,ok
parallel_insertion_sort,4,"Str: Sorted (n=1,000)",1000,184629618,1.0,0.25,ok
parallel_insertion_sort,8,"Str: Sorted (n=1,000)",1000,355766442,0.519,0.065,ok
parallel_insertion_sort,16,"Str: Sorted (n=1,000)",1000,579591146,0.319,0.02,ok
parallel_insertion_sort,4,Str: Sorted (n=20),20,6873,1.0,0.25,ok
parallel_insertion_sort,8,Str: Sorted (n=20),20,6883,0.999,0.125,ok
parallel_insertion_sort,16,Str: Sorted (n=20),20,6933,0.991,0.062,ok
parallel_insertion_sort,4,"Tuple: Dup Scores (n=1,000,000)",1000000,,,,TIMEOUT
parallel_insertion_sort,8,"Tuple: Dup Scores (n=1,000,000)",1000000,,,,TIMEOUT
parallel_insertion_sort,16,"Tuple: Dup Scores (n=1,000,000)",1000000,,,,TIMEOUT
parallel_insertion_sort,4,"Tuple: Dup Scores (n=100,000)",100000,,,,TIMEOUT
parallel_insertion_sort,8,"Tuple: Dup Scores (n=100,000)",100000,,,,TIMEOUT
parallel_insertion_sort,16,"Tuple: Dup Scores (n=100,000)",100000,48138607822,,,ok
parallel_insertion_sort,4,"Tuple: Dup Scores (n=10,000)",10000,7553551724,1.0,0.25,ok
parallel_insertion_sort,8,"Tuple: Dup Scores (n=10,000)",10000,1960818247,3.852,0.481,ok
parallel_insertion_sort,16,"Tuple: Dup Scores (n=10,000)",10000,1036164702,7.29,0.456,ok
parallel_insertion_sort,4,"Tuple: Dup Scores (n=1,000)",1000,1510837444,1.0,0.25,ok
parallel_insertion_sort,8,"Tuple: Dup Scores (n=1,000)",1000,416388980,3.628,0.454,ok
parallel_insertion_sort,16,"Tuple: Dup Scores (n=1,000)",1000,647855426,2.332,0.146,ok
parallel_insertion_sort,4,Tuple: Dup Scores (n=20),20,17333,1.0,0.25,ok
parallel_insertion_sort,8,Tuple: Dup Scores (n=20),20,18434,0.94,0.117,ok
parallel_insertion_sort,16,Tuple: Dup Scores (n=20),20,16280,1.065,0.067,ok
parallel_insertion_sort,4,"Tuple: Nearly Sorted (n=1,000,000)",1000000,,,,TIMEOUT
parallel_insertion_sort,8,"Tuple: Nearly Sorted (n=1,000,000)",1000000,,,,TIMEOUT
parallel_insertion_sort,16,"Tuple: Nearly Sorted (n=1,000,000)",1000000,,,,TIMEOUT
parallel_insertion_sort,4,"Tuple: Nearly Sorted (n=100,000)",100000,24683698237,1.0,0.25,ok
parallel_insertion_sort,8,"Tuple: Nearly Sorted (n=100,000)",100000,5883011723,4.196,0.524,ok
parallel_insertion_sort,16,"Tuple: Nearly Sorted (n=100,000)",100000,3039141493,8.122,0.508,ok
parallel_insertion_sort,4,"Tuple: Nearly Sorted (n=10,000)",10000,354053342,1.0,0.25,ok
parallel_insertion_sort,8,"Tuple: Nearly Sorted (n=10,000)",10000,511979315,0.692,0.086,ok
parallel_insertion_sort,16,"Tuple: Nearly Sorted (n=10,000)",10000,728027390,0.486,0.03,ok
parallel_insertion_sort,4,"Tuple: Nearly Sorted (n=1,000)",1000,313769469,1.0,0.25,ok
parallel_insertion_sort,8,"Tuple: Nearly Sorted (n=1,000)",1000,205967159,1.523,0.19,ok
parallel_insertion_sort,16,"Tuple: Nearly Sorted (n=1,000)",1000,703069764,0.446,0.028,ok
parallel_insertion_sort,4,Tuple: Nearly Sorted (n=20),20,11432,1.0,0.25,ok
parallel_insertion_sort,8,Tuple: Nearly Sorted (n=20),20,11182,1.022,0.128,ok
parallel_insertion_sort,16,Tuple: Nearly Sorted (n=20),20,10981,1.041,0.065,ok
parallel_insertion_sort,4,"Tuple: Random (n=1,000,000)",1000000,,,,TIMEOUT
parallel_insertion_sort,8,"Tuple: Random (n=1,000,000)",1000000,,,,TIMEOUT
parallel_insertion_sort,16,"Tuple: Random (n=1,000,000)",1000000,,,,TIMEOUT
parallel_insertion_sort,4,"Tuple: Random (n=100,000)",100000,,,,TIMEOUT
parallel_insertion_sort,8,"Tuple: Random (n=100,000)",100000,,,,TIMEOUT
parallel_insertion_sort,16,"Tuple: Random (n=100,000)",100000,47690453188,,,ok
parallel_insertion_sort,4,"Tuple: Random (n=10,000)",10000,7402289773,1.0,0.25,ok
parallel_insertion_sort,8,"Tuple: Random (n=10,000)",10000,2282473920,3.243,0.405,ok
parallel_insertion_sort,16,"Tuple: Random (n=10,000)",10000,1532115590,4.831,0.302,ok
parallel_insertion_sort,4,"Tuple: Random (n=1,000)",1000,1511376444,1.0,0.25,ok
parallel_insertion_sort,8,"Tuple: Random (n=1,000)",1000,561817722,2.69,0.336,ok
parallel_insertion_sort,16,"Tuple: Random (n=1,000)",1000,630325471,2.398,0.15,ok
parallel_insertion_sort,4,Tuple: Random (n=20),20,17703,1.0,0.25,ok
parallel_insertion_sort,8,Tuple: Random (n=20),20,17503,1.011,0.126,ok
parallel_insertion_sort,16,Tuple: Random (n=20),20,17773,0.996,0.062,ok
parallel_insertion_sort,4,"Tuple: Reverse (n=1,000,000)",1000000,,,,TIMEOUT
parallel_insertion_sort,8,"Tuple: Reverse (n=1,000,000)",1000000,,,,TIMEOUT
parallel_insertion_sort,16,"Tuple: Reverse (n=1,000,000)",1000000,,,,TIMEOUT
parallel_insertion_sort,4,"Tuple: Reverse (n=100,000)",100000,,,,TIMEOUT
parallel_insertion_sort,8,"Tuple: Reverse (n=100,000)",100000,,,,TIMEOUT
parallel_insertion_sort,16,"Tuple: Reverse (n=100,000)",100000,76485566473,,,ok
parallel_insertion_sort,4,"Tuple: Reverse (n=10,000)",10000,11560600951,1.0,0.25,ok
parallel_insertion_sort,8,"Tuple: Reverse (n=10,000)",10000,3363085523,3.437,0.43,ok
parallel_insertion_sort,16,"Tuple: Reverse (n=10,000)",10000,1667092903,6.935,0.433,ok
parallel_insertion_sort,4,"Tuple: Reverse (n=1,000)",1000,417792287,1.0,0.25,ok
parallel_insertion_sort,8,"Tuple: Reverse (n=1,000)",1000,870667089,0.48,0.06,ok
parallel_insertion_sort,16,"Tuple: Reverse (n=1,000)",1000,371748853,1.124,0.07,ok
parallel_insertion_sort,4,Tuple: Reverse (n=20),20,27131,1.0,0.25,ok
parallel_insertion_sort,8,Tuple: Reverse (n=20),20,28403,0.955,0.119,ok
parallel_insertion_sort,16,Tuple: Reverse (n=20),20,23925,1.134,0.071,ok
parallel_insertion_sort,4,"Tuple: Sorted (n=1,000,000)",1000000,25176195080,1.0,0.25,ok
parallel_insertion_sort,8,"Tuple: Sorted (n=1,000,000)",1000000,29420556690,0.856,0.107,ok
parallel_insertion_sort,16,"Tuple: Sorted (n=1,000,000)",1000000,25435659159,0.99,0.062,ok
parallel_insertion_sort,4,"Tuple: Sorted (n=100,000)",100000,1877643025,1.0,0.25,ok
parallel_insertion_sort,8,"Tuple: Sorted (n=100,000)",100000,862879503,2.176,0.272,ok
parallel_insertion_sort,16,"Tuple: Sorted (n=100,000)",100000,3806337764,0.493,0.031,ok
parallel_insertion_sort,4,"Tuple: Sorted (n=10,000)",10000,277919297,1.0,0.25,ok
parallel_insertion_sort,8,"Tuple: Sorted (n=10,000)",10000,335831073,0.828,0.103,ok
parallel_insertion_sort,16,"Tuple: Sorted (n=10,000)",10000,778970880,0.357,0.022,ok
parallel_insertion_sort,4,"Tuple: Sorted (n=1,000)",1000,151450518,1.0,0.25,ok
parallel_insertion_sort,8,"Tuple: Sorted (n=1,000)",1000,339962051,0.445,0.056,ok
parallel_insertion_sort,16,"Tuple: Sorted (n=1,000)",1000,650130371,0.233,0.015,ok
parallel_insertion_sort,4,Tuple: Sorted (n=20),20,7153,1.0,0.25,ok
parallel_insertion_sort,8,Tuple: Sorted (n=20),20,7284,0.982,0.123,ok
parallel_insertion_sort,16,Tuple: Sorted (n=20),20,8175,0.875,0.055,ok
